{"cameraMode":{"drawMode":0,"name":"Shaded","section":"Shading Mode"},"sceneLighting":true,"audioPlay":false,"sceneViewState":{"showFog":false,"showMaterialUpdate":false,"showSkybox":false,"showFlares":false,"showImageEffects":false,"showParticleSystems":false},"in2DMode":false,"pivot":{"x":0.18700894713401795,"y":0.13124558329582215,"z":0.8049432039260864},"rotation":{"x":0.03443756327033043,"y":0.6619845032691956,"z":-0.03047248162329197,"w":0.7481074929237366},"size":3.5955700874328615,"orthographic":false}