{"cameraMode":{"drawMode":0,"name":"Shaded","section":"Shading Mode"},"sceneLighting":true,"audioPlay":false,"sceneViewState":{"showFog":false,"showMaterialUpdate":false,"showSkybox":true,"showFlares":false,"showImageEffects":false,"showParticleSystems":false},"in2DMode":false,"pivot":{"x":0.6496555805206299,"y":-1.4054762125015259,"z":3.8181164264678957},"rotation":{"x":0.256204217672348,"y":0.07096453756093979,"z":-0.018864473327994348,"w":0.9638346433639526},"size":3.6929454803466799,"orthographic":false}