{"cameraMode":{"drawMode":0,"name":"Shaded","section":"Shading Mode"},"sceneLighting":true,"audioPlay":false,"sceneViewState":{"showFog":false,"showMaterialUpdate":false,"showSkybox":true,"showFlares":false,"showImageEffects":false,"showParticleSystems":false},"in2DMode":false,"pivot":{"x":-0.8490571975708008,"y":-1.051900029182434,"z":3.4345877170562746},"rotation":{"x":0.2706053555011749,"y":-0.20734310150146485,"z":0.05980302393436432,"w":0.9381973147392273},"size":3.6929454803466799,"orthographic":false}