{"cameraMode":{"drawMode":0,"name":"Shaded","section":"Shading Mode"},"sceneLighting":true,"audioPlay":false,"sceneViewState":{"showFog":false,"showMaterialUpdate":false,"showSkybox":true,"showFlares":false,"showImageEffects":false,"showParticleSystems":false},"in2DMode":false,"pivot":{"x":-122.65118408203125,"y":-178.8761749267578,"z":85.47654724121094},"rotation":{"x":-0.3766464591026306,"y":0.42191892862319949,"z":-0.19853344559669496,"w":-0.8004426956176758},"size":242.54623413085938,"orthographic":false}